,cut_path,文字_x,文字_y,图标_x,图标_y,图标类型,图标代码,中心图行,中心图列,文字,轮廓,文字_x转换后,文字_y转换后,文字行转换后,文字列转换后,图标_x转换后,图标_y转换后,图标行转换后,图标列转换后
0,data/cut_3/R000183B1_C00034AD0_6.png,302.0,348.5,,,,,R000183B1,C00034AD0,畅春园路,None,47.0,93.5,R000183B1,C00034AD0,,,,
1,data/cut_3/R000183B1_C00034AD0_9.png,421.5,401.0,,,,,R000183B1,C00034AD0,瑞德棋苑,None,166.5,146.0,R000183B1,C00034AD0,,,,
2,data/cut_3/R000183B1_C00034AD0_12.png,424.0,345.5,424.0,338.0,通行设施,990000,R000183B1,C00034AD0,南2门,None,169.0,90.5,R000183B1,C00034AD0,169.0,83.0,R000183B1,C00034AD0
3,data/cut_3/R000183B1_C00034AE4_1.png,417.5,417.5,419.0,399.0,公检法机构,130500,R000183B1,C00034AE4,★科技园区警务工作室,None,162.5,162.5,R000183B1,C00034AE4,164.0,144.0,R000183B1,C00034AE4
4,data/cut_3/R000183B1_C00034AE4_2.png,291.5,498.5,,,,,R000183B1,C00034AE4,北京小背篓搬家有限公司,None,36.5,243.5,R000183B1,C00034AE4,,,,
5,data/cut_3/R000183B1_C00034AE4_6.png,401.0,474.5,,,,,R000183B1,C00034AE4,科馨社区服务站,None,146.0,219.5,R000183B1,C00034AE4,,,,
6,data/cut_3/R000183B1_C00034AE4_8.png,502.5,454.5,503.0,444.0,楼宇,120200,R000183B1,C00034AE4,蓝润大厦,"[(421, 442), (509, 442), (509, 546), (421, 546)]",247.5,199.5,R000183B1,C00034AE4,248.0,189.0,R000183B1,C00034AE4
7,data/cut_3/R000183B1_C00034AE4_12.png,336.0,374.5,361.0,377.0,便民商店,060200,R000183B1,C00034AE4,超市发,None,81.0,119.5,R000183B1,C00034AE4,106.0,122.0,R000183B1,C00034AE4
8,data/cut_3/R000183B1_C00034AE4_14.png,280.0,313.0,,,,,R000183B1,C00034AE4,成府路,None,25.0,58.0,R000183B1,C00034AE4,,,,
9,,,,493.0,400.0,停车场,150900,R000183B1,C00034AE4,,,,,,,238.0,145.0,R000183B1,C00034AE4
10,data/cut_3/R000183B1_C00034ADF_5.png,483.5,286.0,484.0,277.0,交通银行,160108,R000183B1,C00034ADF,交通银行,None,228.5,31.0,R000183B1,C00034ADF,229.0,22.0,R000183B1,C00034ADF
11,data/cut_3/R000183B1_C00034ADF_8.png,419.5,461.0,420.0,451.0,楼宇,120200,R000183B1,C00034ADF,中科科仪,None,164.5,206.0,R000183B1,C00034ADF,165.0,196.0,R000183B1,C00034ADF
12,data/cut_3/R000183B1_C00034ADF_9.png,327.0,455.5,325.0,446.0,专卖店,061200,R000183B1,C00034ADF,今日电器,None,72.0,200.5,R000183B1,C00034ADF,70.0,191.0,R000183B1,C00034ADF
13,data/cut_3/R000183B1_C00034ADF_15.png,424.5,380.0,,,,,R000183B1,C00034ADF,成府路,None,169.5,125.0,R000183B1,C00034ADF,,,,
14,data/cut_3/R000183B1_C00034ADF_20.png,415.5,314.5,416.0,307.0,通行设施,990000,R000183B1,C00034ADF,南4门,None,160.5,59.5,R000183B1,C00034ADF,161.0,52.0,R000183B1,C00034ADF
15,data/cut_3/R000183B1_C00034ADF_30.png,479.0,499.5,480.0,501.0,停车场,150900,R000183B1,C00034ADF,P,"[(440, 413), (484, 413), (484, 519), (440, 519)]",224.0,244.5,R000183B1,C00034ADF,225.0,246.0,R000183B1,C00034ADF
16,data/cut_3/R000183B2_C00034AD5_34.png,436.0,511.0,,,,,R000183B2,C00034AD5,下E,None,181.0,0.0,R000183B3,C00034AD5,,,,
17,data/cut_3/R000183B2_C00034AE1_4.png,424.5,432.0,425.0,414.0,科研机构,141300,R000183B2,C00034AE1,生化工程国家重点实验室,"[(355, 395), (428, 395), (428, 460), (355, 460)]",169.5,177.0,R000183B2,C00034AE1,170.0,159.0,R000183B2,C00034AE1
18,data/cut_3/R000183B2_C00034ADC_8.png,396.0,393.0,,,,,R000183B2,C00034ADC,北京大学中关新园50丙,None,141.0,138.0,R000183B2,C00034ADC,,,,
19,data/cut_3/R000183B2_C00034ADC_10.png,308.0,393.5,339.0,396.0,美容美发店,071100,R000183B2,C00034ADC,越秀造型A,None,53.0,138.5,R000183B2,C00034ADC,84.0,141.0,R000183B2,C00034ADC
20,data/cut_3/R000183B2_C00034ADC_21.png,396.0,477.5,,,,,R000183B2,C00034ADC,50乙号楼,None,141.0,222.5,R000183B2,C00034ADC,,,,
21,data/cut_3/R000183B2_C00034ADB_4.png,462.0,288.0,,,,,R000183B2,C00034ADB,化学与分子工程学院大楼,None,207.0,33.0,R000183B2,C00034ADB,,,,
22,data/cut_3/R000183B2_C00034ADB_6.png,437.0,450.5,,,,,R000183B2,C00034ADB,化学与分子工程学院,None,182.0,195.5,R000183B2,C00034ADB,,,,
23,data/cut_3/R000183B2_C00034ADB_15.png,264.5,377.5,264.0,367.0,楼宇,120200,R000183B2,C00034ADB,方正大厦,None,9.5,122.5,R000183B2,C00034ADB,9.0,112.0,R000183B2,C00034ADB
24,data/cut_3/R000183B2_C00034ADB_17.png,367.0,305.5,367.0,295.0,学校内部设施,141207,R000183B2,C00034ADB,化学楼,None,112.0,50.5,R000183B2,C00034ADB,112.0,40.0,R000183B2,C00034ADB
25,,,,418.0,289.0,学校内部设施,141207,R000183B2,C00034ADB,,,,,,,163.0,34.0,R000183B2,C00034ADB
26,data/cut_3/R000183B2_C00034AE0_6.png,313.5,378.5,,,,,R000183B2,C00034AE0,北京中科科仪股份有限公司,None,58.5,123.5,R000183B2,C00034AE0,,,,
27,,,,484.0,351.0,停车场,150900,R000183B2,C00034AE0,,,,,,,229.0,96.0,R000183B2,C00034AE0
28,data/cut_3/R000183B2_C00034AD4_1.png,268.0,297.0,,,,,R000183B2,C00034AD4,北京大学国际关系学院,None,13.0,42.0,R000183B2,C00034AD4,,,,
29,data/cut_3/R000183B2_C00034AD4_14.png,416.0,450.0,417.0,441.0,科教文化服务,140000,R000183B2,C00034AD4,燕京学堂,None,161.0,195.0,R000183B2,C00034AD4,162.0,186.0,R000183B2,C00034AD4
30,data/cut_3/R000183B2_C00034AD4_18.png,485.0,299.5,485.0,293.0,风景名胜,110200,R000183B2,C00034AD4,静园,None,230.0,44.5,R000183B2,C00034AD4,230.0,38.0,R000183B2,C00034AD4
31,data/cut_3/R000183B2_C00034AD4_20.png,369.0,488.5,,,,,R000183B2,C00034AD4,静园路,None,114.0,233.5,R000183B2,C00034AD4,,,,
32,,,,328.0,415.0,停车场,150900,R000183B2,C00034AD4,,,,,,,73.0,160.0,R000183B2,C00034AD4
33,data/cut_3/R000183B1_C00034AE5_10.png,381.0,396.0,382.0,388.0,餐饮服务,050000,R000183B1,C00034AE5,胖胖家常菜,None,126.0,141.0,R000183B1,C00034AE5,127.0,133.0,R000183B1,C00034AE5
34,data/cut_3/R000183B1_C00034AE5_13.png,273.5,325.5,,,,,R000183B1,C00034AE5,成府路,None,18.5,70.5,R000183B1,C00034AE5,,,,
35,data/cut_3/R000183B1_C00034AE5_17.png,444.5,278.0,,,,,R000183B1,C00034AE5,成府路,"[(421, 186), (509, 186), (509, 290), (421, 290)]",189.5,23.0,R000183B1,C00034AE5,,,,
36,data/cut_3/R000183B1_C00034AE5_18.png,294.5,259.0,,,,,R000183B1,C00034AE5,巴业u,None,39.5,4.0,R000183B1,C00034AE5,,,,
37,data/cut_3/R000183B1_C00034AE5_32.png,462.0,423.5,446.0,457.0,通行设施,990000,R000183B1,C00034AE5,4号楼,None,207.0,168.5,R000183B1,C00034AE5,191.0,202.0,R000183B1,C00034AE5
38,data/cut_3/R000183B1_C00034AE5_39.png,275.0,370.0,276.0,372.0,停车场,150900,R000183B1,C00034AE5,P,None,20.0,115.0,R000183B1,C00034AE5,21.0,117.0,R000183B1,C00034AE5
39,data/cut_3/R000183B1_C00034AE5_40.png,378.0,477.5,379.0,479.0,停车场,150900,R000183B1,C00034AE5,P,None,123.0,222.5,R000183B1,C00034AE5,124.0,224.0,R000183B1,C00034AE5
40,data/cut_3/R000183B1_C00034AE5_41.png,317.0,472.5,318.0,474.0,停车场,150900,R000183B1,C00034AE5,P,None,62.0,217.5,R000183B1,C00034AE5,63.0,219.0,R000183B1,C00034AE5
41,data/cut_3/R000183B1_C00034AE5_42.png,473.0,348.5,474.0,350.0,停车场,150900,R000183B1,C00034AE5,P,None,218.0,93.5,R000183B1,C00034AE5,219.0,95.0,R000183B1,C00034AE5
42,,,,509.0,503.0,住宅区,120300,R000183B1,C00034AE5,,,,,,,254.0,248.0,R000183B1,C00034AE5
43,data/cut_3/R000183B1_C00034AD1_0.png,260.0,389.5,261.0,372.0,科研机构,141300,R000183B1,C00034AD1,中国城乡发展国际交流协会研究部,None,5.0,134.5,R000183B1,C00034AD1,6.0,117.0,R000183B1,C00034AD1
44,data/cut_3/R000183B1_C00034AD1_2.png,405.5,320.0,,,,,R000183B1,C00034AD1,燕园街道办事处职业介绍所,None,150.5,65.0,R000183B1,C00034AD1,,,,
45,data/cut_3/R000183B1_C00034AD1_16.png,343.0,322.0,343.0,314.0,通行设施,990000,R000183B1,C00034AD1,南1门,None,88.0,67.0,R000183B1,C00034AD1,88.0,59.0,R000183B1,C00034AD1
46,data/cut_3/R000183B1_C00034AD1_18.png,449.0,262.0,,,,,R000183B1,C00034AD1,57号楼,None,194.0,7.0,R000183B1,C00034AD1,,,,
47,data/cut_3/R000183B1_C00034AD1_19.png,284.0,280.5,,,,,R000183B1,C00034AD1,63号楼,None,29.0,25.5,R000183B1,C00034AD1,,,,
48,data/cut_3/R000183B1_C00034AD1_23.png,378.0,484.5,,,,,R000183B1,C00034AD1,3号楼,None,123.0,229.5,R000183B1,C00034AD1,,,,
49,data/cut_3/R000183B1_C00034AD1_25.png,403.0,384.5,,,,,R000183B1,C00034AD1,4号楼,None,148.0,129.5,R000183B1,C00034AD1,,,,
50,data/cut_3/R000183B1_C00034AD3_2.png,286.5,509.5,286.0,501.0,餐饮服务,050000,R000183B1,C00034AD3,5乙号楼勺园食堂,None,31.5,254.5,R000183B1,C00034AD3,31.0,246.0,R000183B1,C00034AD3
51,data/cut_3/R000183B1_C00034AD3_3.png,314.5,316.5,,,,,R000183B1,C00034AD3,普北京大学勺园,None,59.5,61.5,R000183B1,C00034AD3,,,,
52,data/cut_3/R000183B1_C00034AD3_5.png,398.0,281.5,369.0,282.0,风景名胜,110200,R000183B1,C00034AD3,塞万提斯,None,143.0,26.5,R000183B1,C00034AD3,114.0,27.0,R000183B1,C00034AD3
53,data/cut_3/R000183B1_C00034AD3_21.png,376.0,467.5,,,,,R000183B1,C00034AD3,1号楼,None,121.0,212.5,R000183B1,C00034AD3,,,,
54,data/cut_3/R000183B1_C00034AD3_22.png,257.5,439.5,,,,,R000183B1,C00034AD3,5号楼,None,2.5,184.5,R000183B1,C00034AD3,,,,
55,,,,271.0,316.0,风景名胜,110200,R000183B1,C00034AD3,,,,,,,16.0,61.0,R000183B1,C00034AD3
56,data/cut_3/R000183B1_C00034ADE_0.png,320.5,401.5,,,,,R000183B1,C00034ADE,成府路,None,65.5,146.5,R000183B1,C00034ADE,,,,
57,data/cut_3/R000183B1_C00034ADE_6.png,504.0,467.5,505.0,458.0,医疗保健服务,090000,R000183B1,C00034ADE,永康口腔,None,249.0,212.5,R000183B1,C00034ADE,250.0,203.0,R000183B1,C00034ADE
58,data/cut_3/R000183B1_C00034ADE_12.png,431.5,374.5,,,,,R000183B1,C00034ADE,成府路,None,176.5,119.5,R000183B1,C00034ADE,,,,
59,data/cut_3/R000183B1_C00034ADE_15.png,265.0,508.5,265.0,499.0,餐饮服务,050000,R000183B1,C00034ADE,食堂,None,10.0,253.5,R000183B1,C00034ADE,10.0,244.0,R000183B1,C00034ADE
60,data/cut_3/R000183B2_C00034AE2_0.png,289.5,311.5,,,,,R000183B2,C00034AE2,全国颗粒表征与分检及筛网标准化技术委员会颗粒分技术委员会,"[(165, 286), (316, 286), (316, 423), (165, 423)]",34.5,56.5,R000183B2,C00034AE2,,,,
61,data/cut_3/R000183B2_C00034AE2_2.png,281.5,366.5,,,,,R000183B2,C00034AE2,中国科学院过程程研究所(西区,"[(165, 286), (316, 286), (316, 423), (165, 423)]",26.5,111.5,R000183B2,C00034AE2,,,,
62,data/cut_3/R000183B2_C00034AE2_3.png,429.0,369.0,,,,,R000183B2,C00034AE2,国家生化工程技术研究中心,None,174.0,114.0,R000183B2,C00034AE2,,,,
63,data/cut_3/R000183B2_C00034AE2_13.png,495.0,372.0,,,,,R000183B2,C00034AE2,中关村北二街,None,240.0,117.0,R000183B2,C00034AE2,,,,
64,data/cut_3/R000183B2_C00034AE2_20.png,459.5,418.5,460.0,409.0,科研机构,141300,R000183B2,C00034AE2,东区,None,204.5,163.5,R000183B2,C00034AE2,205.0,154.0,R000183B2,C00034AE2
65,data/cut_3/R000183B2_C00034AE2_45.png,299.0,259.0,300.0,261.0,停车场,150900,R000183B2,C00034AE2,P,None,44.0,4.0,R000183B2,C00034AE2,45.0,6.0,R000183B2,C00034AE2
66,,,,384.0,370.0,科研机构,141300,R000183B2,C00034AE2,,,,,,,129.0,115.0,R000183B2,C00034AE2
67,data/cut_3/R000183B2_C00034AD6_14.png,461.0,491.5,461.0,482.0,学校内部设施,141207,R000183B2,C00034AD6,哲学楼,None,206.0,236.5,R000183B2,C00034AD6,206.0,227.0,R000183B2,C00034AD6
68,data/cut_3/R000183B3_C00034AD8_2.png,380.5,340.0,,,,,R000183B3,C00034AD8,计算机科学技术系,None,125.5,85.0,R000183B3,C00034AD8,,,,
69,data/cut_3/R000183B3_C00034AD8_7.png,494.0,355.5,,,,,R000183B3,C00034AD8,数学科学学院,None,239.0,100.5,R000183B3,C00034AD8,,,,
70,,,,506.0,498.0,学校内部设施,141207,R000183B3,C00034AD8,,,,,,,251.0,243.0,R000183B3,C00034AD8
71,data/cut_3/R000183B3_C00034AD9_5.png,443.0,311.5,,,,,R000183B3,C00034AD9,信息科学技术学院,None,188.0,56.5,R000183B3,C00034AD9,,,,
72,data/cut_3/R000183B3_C00034AD9_6.png,436.5,491.0,,,,,R000183B3,C00034AD9,马克思主义学院,None,181.5,236.0,R000183B3,C00034AD9,,,,
73,data/cut_3/R000183B2_C00034ADA_2.png,490.0,263.0,490.0,269.0,科研机构,141300,R000183B2,C00034ADA,北大青鸟领导力研究院,None,235.0,8.0,R000183B2,C00034ADA,235.0,14.0,R000183B2,C00034ADA
74,data/cut_3/R000183B2_C00034ADA_10.png,491.5,485.5,491.0,476.0,餐饮服务,050000,R000183B2,C00034ADA,方正集团食堂,None,236.5,230.5,R000183B2,C00034ADA,236.0,221.0,R000183B2,C00034ADA
75,data/cut_3/R000183B2_C00034ADA_24.png,425.5,400.0,,,,,R000183B2,C00034ADA,大兴线,None,170.5,145.0,R000183B2,C00034ADA,,,,
76,data/cut_3/R000183B2_C00034ADA_25.png,421.5,352.0,,,,,R000183B2,C00034ADA,4号线,None,166.5,97.0,R000183B2,C00034ADA,,,,
77,data/cut_3/R000183B2_C00034ADA_27.png,346.0,292.0,,,,,R000183B2,C00034ADA,@,None,91.0,37.0,R000183B2,C00034ADA,,,,
78,data/cut_3/R000183B2_C00034AD7_12.png,442.0,414.5,442.0,404.0,学校内部设施,141207,R000183B2,C00034AD7,老化学楼,None,187.0,159.5,R000183B2,C00034AD7,187.0,149.0,R000183B2,C00034AD7
79,data/cut_3/R000183B2_C00034AD7_17.png,441.0,303.5,441.0,293.0,学校内部设施,141207,R000183B2,C00034AD7,地学楼,None,186.0,48.5,R000183B2,C00034AD7,186.0,38.0,R000183B2,C00034AD7
80,data/cut_3/R000183B2_C00034AD7_21.png,306.5,300.0,,,,,R000183B2,C00034AD7,五四路,None,51.5,45.0,R000183B2,C00034AD7,,,,
81,,,,506.0,423.0,科研机构,141300,R000183B2,C00034AD7,,,,,,,251.0,168.0,R000183B2,C00034AD7
82,,,,509.0,371.0,科研机构,141300,R000183B2,C00034AD7,,,,,,,254.0,116.0,R000183B2,C00034AD7
83,data/cut_3/R000183B2_C00034AE3_19.png,439.0,277.0,,,,,R000183B2,C00034AE3,科馨社区,None,184.0,22.0,R000183B2,C00034AE3,,,,
84,data/cut_3/R000183B2_C00034AE3_27.png,433.5,459.5,434.0,452.0,通行设施,990000,R000183B2,C00034AE3,南门,"[(331, 439), (439, 439), (439, 488), (331, 488)]",178.5,204.5,R000183B2,C00034AE3,179.0,197.0,R000183B2,C00034AE3
85,data/cut_3/R000183B2_C00034AE3_29.png,257.5,281.5,258.0,274.0,通行设施,990000,R000183B2,C00034AE3,西门,None,2.5,26.5,R000183B2,C00034AE3,3.0,19.0,R000183B2,C00034AE3
86,data/cut_3/R000183B2_C00034AE3_30.png,480.5,488.5,481.0,481.0,通行设施,990000,R000183B2,C00034AE3,北门,None,225.5,233.5,R000183B2,C00034AE3,226.0,226.0,R000183B2,C00034AE3
87,data/cut_3/R000183B2_C00034AE3_39.png,282.0,403.5,,,,,R000183B2,C00034AE3,2号楼,None,27.0,148.5,R000183B2,C00034AE3,,,,
88,data/cut_3/R000183B2_C00034AE3_40.png,348.0,320.5,,,,,R000183B2,C00034AE3,4号楼,None,93.0,65.5,R000183B2,C00034AE3,,,,
89,data/cut_3/R000183B2_C00034AE3_48.png,444.0,499.0,445.0,499.0,停车场,150900,R000183B2,C00034AE3,P,None,189.0,244.0,R000183B2,C00034AE3,190.0,244.0,R000183B2,C00034AE3
90,data/cut_3/R000183B2_C00034AE3_51.png,324.0,445.0,325.0,447.0,停车场,150900,R000183B2,C00034AE3,P,"[(284, 438), (324, 438), (324, 469), (284, 469)]",69.0,190.0,R000183B2,C00034AE3,70.0,192.0,R000183B2,C00034AE3
91,,,,346.0,484.0,停车场,150900,R000183B2,C00034AE3,,,,,,,91.0,229.0,R000183B2,C00034AE3
92,data/cut_3/R000183B1_C00034ADD_4.png,420.5,490.5,,,,,R000183B1,C00034ADD,北京大学中关园一公惠,None,165.5,235.5,R000183B1,C00034ADD,,,,
93,data/cut_3/R000183B1_C00034ADD_5.png,467.0,273.0,467.0,265.0,学校内部设施,141207,R000183B1,C00034ADD,加速器楼,None,212.0,18.0,R000183B1,C00034ADD,212.0,10.0,R000183B1,C00034ADD
94,data/cut_3/R000183B1_C00034ADD_10.png,383.0,412.0,,,,,R000183B1,C00034ADD,成府路,None,128.0,157.0,R000183B1,C00034ADD,,,,
95,data/cut_3/R000183B1_C00034ADD_14.png,258.0,493.5,,,,,R000183B1,C00034ADD,41号楼,None,3.0,238.5,R000183B1,C00034ADD,,,,
96,data/cut_3/R000183B1_C00034AD2_9.png,280.5,304.5,281.0,296.0,餐饮服务,050000,R000183B1,C00034AD2,西闩烤翅,None,25.5,49.5,R000183B1,C00034AD2,26.0,41.0,R000183B1,C00034AD2
97,data/cut_3/R000183B1_C00034AD2_11.png,311.0,260.0,,,,,R000183B1,C00034AD2,思慕导山了,None,56.0,5.0,R000183B1,C00034AD2,,,,
98,data/cut_3/R000183B1_C00034AD2_13.png,383.5,264.5,,,,,R000183B1,C00034AD2,西侧门,None,128.5,9.5,R000183B1,C00034AD2,,,,
99,data/cut_3/R000183B1_C00034AD2_14.png,451.0,360.0,448.0,399.0,风景名胜,110200,R000183B1,C00034AD2,勺海合,None,196.0,105.0,R000183B1,C00034AD2,193.0,144.0,R000183B1,C00034AD2
100,,,,466.0,356.0,风景名胜,110200,R000183B1,C00034AD2,,,,,,,211.0,101.0,R000183B1,C00034AD2
101,data/cut_3/R000183B1_C00034AE6_4.png,398.0,451.0,399.0,441.0,住宅区,120300,R000183B1,C00034AE6,华清嘉园西区,None,143.0,196.0,R000183B1,C00034AE6,144.0,186.0,R000183B1,C00034AE6
102,data/cut_3/R000183B1_C00034AE6_7.png,418.0,410.0,418.0,398.0,医药保健销售店,090600,R000183B1,C00034AE6,济安堂药店,"[(380, 350), (420, 350), (420, 413), (380, 413)]",163.0,155.0,R000183B1,C00034AE6,163.0,143.0,R000183B1,C00034AE6
103,data/cut_3/R000183B1_C00034AE6_14.png,374.0,327.0,,,,,R000183B1,C00034AE6,成府路,None,119.0,72.0,R000183B1,C00034AE6,,,,
104,data/cut_3/R000183B1_C00034AE6_16.png,332.5,357.0,333.0,349.0,通行设施,990000,R000183B1,C00034AE6,北门,None,77.5,102.0,R000183B1,C00034AE6,78.0,94.0,R000183B1,C00034AE6
105,data/cut_3/R000183B1_C00034AE2_7.png,312.5,270.5,313.0,262.0,中国工商银行,160105,R000183B1,C00034AE2,中国工商银行,None,57.5,15.5,R000183B1,C00034AE2,58.0,7.0,R000183B1,C00034AE2
106,data/cut_3/R000183B1_C00034AE2_10.png,358.0,505.5,359.0,495.0,楼宇,120200,R000183B1,C00034AE2,过程大厦,None,103.0,250.5,R000183B1,C00034AE2,104.0,240.0,R000183B1,C00034AE2
107,data/cut_3/R000183B1_C00034AE2_15.png,487.0,343.0,,,,,R000183B1,C00034AE2,成府路,"[(421, 286), (572, 286), (572, 423), (421, 423)]",232.0,88.0,R000183B1,C00034AE2,,,,
108,data/cut_3/R000183B1_C00034AD6_3.png,295.0,444.0,296.0,435.0,科研机构,141300,R000183B1,C00034AD6,陈翰生研究中心,None,40.0,189.0,R000183B1,C00034AD6,41.0,180.0,R000183B1,C00034AD6
109,data/cut_3/R000183B1_C00034AD6_6.png,424.0,284.5,423.0,274.0,学校内部设施,141207,R000183B1,C00034AD6,第1教学楼,None,169.0,29.5,R000183B1,C00034AD6,168.0,19.0,R000183B1,C00034AD6
110,data/cut_3/R000183B1_C00034AD6_10.png,342.0,510.0,342.0,500.0,图书馆,140500,R000183B1,C00034AD6,图书馆,None,87.0,255.0,R000183B1,C00034AD6,87.0,245.0,R000183B1,C00034AD6
111,data/cut_3/R000183B2_C00034AD3_6.png,318.5,483.5,318.0,474.0,餐饮服务,050000,R000183B2,C00034AD3,勺园西餐厅,None,63.5,228.5,R000183B2,C00034AD3,63.0,219.0,R000183B2,C00034AD3
112,data/cut_3/R000183B2_C00034AD3_9.png,505.5,483.5,506.0,474.0,餐饮服务,050000,R000183B2,C00034AD3,佟园食堂,None,250.5,228.5,R000183B2,C00034AD3,251.0,219.0,R000183B2,C00034AD3
113,data/cut_3/R000183B2_C00034AD3_30.png,389.0,379.5,,,,,R000183B2,C00034AD3,3号楼,None,134.0,124.5,R000183B2,C00034AD3,,,,
114,data/cut_3/R000183B2_C00034AD3_31.png,345.0,297.5,,,,,R000183B2,C00034AD3,2号楼,None,90.0,42.5,R000183B2,C00034AD3,,,,
115,data/cut_3/R000183B2_C00034AD3_34.png,376.0,484.5,,,,,R000183B2,C00034AD3,6号楼,None,121.0,229.5,R000183B2,C00034AD3,,,,
116,data/cut_3/R000183B2_C00034AD3_36.png,265.0,417.5,,,,,R000183B2,C00034AD3,4号楼,None,10.0,162.5,R000183B2,C00034AD3,,,,
117,data/cut_3/R000183B2_C00034AD2_10.png,402.0,341.0,,,,,R000183B2,C00034AD2,颐和园路,None,147.0,86.0,R000183B2,C00034AD2,,,,
118,data/cut_3/R000183B2_C00034AD2_27.png,510.5,300.5,508.0,290.0,学校内部设施,141207,R000183B2,C00034AD2,大楼,None,255.5,45.5,R000183B2,C00034AD2,253.0,35.0,R000183B2,C00034AD2
119,data/cut_3/R000183B2_C00034AD2_42.png,262.0,322.5,,,,,R000183B2,C00034AD2,2号楼,None,7.0,67.5,R000183B2,C00034AD2,,,,
120,data/cut_3/R000183B2_C00034AE6_1.png,440.0,429.5,441.0,412.0,科研机构,141300,R000183B2,C00034AE6,中国社会科学院台湾研究所,"[(436, 414), (441, 414), (441, 432), (436, 432)]",185.0,174.5,R000183B2,C00034AE6,186.0,157.0,R000183B2,C00034AE6
121,data/cut_3/R000183B2_C00034AE6_2.png,443.5,277.5,,,,,R000183B2,C00034AE6,链家五道口华清嘉园店,"[(380, 272), (465, 272), (465, 380), (380, 380)]",188.5,22.5,R000183B2,C00034AE6,,,,
122,data/cut_3/R000183B2_C00034AE6_8.png,306.0,350.0,307.0,340.0,风景名胜,110200,R000183B2,C00034AE6,清华园车站,None,51.0,95.0,R000183B2,C00034AE6,52.0,85.0,R000183B2,C00034AE6
123,data/cut_3/R000183B2_C00034AE6_23.png,481.5,375.5,482.0,368.0,通行设施,990000,R000183B2,C00034AE6,[东,"[(426, 288), (509, 288), (509, 392), (426, 392)]",226.5,120.5,R000183B2,C00034AE6,227.0,113.0,R000183B2,C00034AE6
124,data/cut_3/R000183B2_C00034AE6_24.png,267.0,435.5,268.0,428.0,通行设施,990000,R000183B2,C00034AE6,北门,"[(163, 406), (269, 406), (269, 449), (163, 449)]",12.0,180.5,R000183B2,C00034AE6,13.0,173.0,R000183B2,C00034AE6
125,,,,285.0,392.0,公共厕所,200300,R000183B2,C00034AE6,,,,,,,30.0,137.0,R000183B2,C00034AE6
126,,,,288.0,510.0,住宅区,120300,R000183B2,C00034AE6,,,,,,,33.0,255.0,R000183B2,C00034AE6
127,data/cut_3/R000183B2_C00034ADD_2.png,312.0,431.0,,,,,R000183B2,C00034ADD,北京大学中关新园北区,None,57.0,176.0,R000183B2,C00034ADD,,,,
128,data/cut_3/R000183B2_C00034ADD_20.png,303.0,322.5,,,,,R000183B2,C00034ADD,42号楼,None,48.0,67.5,R000183B2,C00034ADD,,,,
129,data/cut_3/R000183B2_C00034ADD_22.png,443.0,467.5,,,,,R000183B2,C00034ADD,48号楼,None,188.0,212.5,R000183B2,C00034ADD,,,,
130,data/cut_3/R000183B2_C00034ADD_23.png,272.0,398.5,,,,,R000183B2,C00034ADD,43号楼,None,17.0,143.5,R000183B2,C00034ADD,,,,
131,data/cut_3/R000183B2_C00034ADD_24.png,260.0,313.5,,,,,R000183B2,C00034ADD,46号楼,None,5.0,58.5,R000183B2,C00034ADD,,,,
132,data/cut_3/R000183B2_C00034ADD_25.png,275.0,477.5,,,,,R000183B2,C00034ADD,44号楼,None,20.0,222.5,R000183B2,C00034ADD,,,,
133,data/cut_3/R000183B2_C00034ADD_26.png,442.0,393.5,,,,,R000183B2,C00034ADD,47号楼,None,187.0,138.5,R000183B2,C00034ADD,,,,
134,data/cut_3/R000183B2_C00034ADD_34.png,447.5,280.0,448.0,282.0,停车场,150900,R000183B2,C00034ADD,P,None,192.5,25.0,R000183B2,C00034ADD,193.0,27.0,R000183B2,C00034ADD
135,data/cut_3/R000183B1_C00034AD7_0.png,476.0,379.5,476.0,362.0,科研机构,141300,R000183B1,C00034AD7,生物基础教学实验中学生物化学实验室1,None,221.0,124.5,R000183B1,C00034AD7,221.0,107.0,R000183B1,C00034AD7
136,data/cut_3/R000183B1_C00034AD7_1.png,283.0,339.5,,,,,R000183B1,C00034AD7,生物基础教学实验中心微生物学实验室,None,28.0,84.5,R000183B1,C00034AD7,,,,
137,data/cut_3/R000183B1_C00034AD7_6.png,438.0,441.0,438.0,430.0,学校内部设施,141207,R000183B1,C00034AD7,文史教学楼,None,183.0,186.0,R000183B1,C00034AD7,183.0,175.0,R000183B1,C00034AD7
138,data/cut_3/R000183B1_C00034AD7_9.png,425.0,327.0,425.0,316.0,学校内部设施,141207,R000183B1,C00034AD7,老生物楼,None,170.0,72.0,R000183B1,C00034AD7,170.0,61.0,R000183B1,C00034AD7
139,data/cut_3/R000183B1_C00034AD7_15.png,260.0,280.5,,,,,R000183B1,C00034AD7,北京大学,None,5.0,25.5,R000183B1,C00034AD7,,,,
140,data/cut_3/R000183B1_C00034AD7_18.png,431.0,485.5,,,,,R000183B1,C00034AD7,科学路,None,176.0,230.5,R000183B1,C00034AD7,,,,
141,,,,350.0,339.0,科研机构,141300,R000183B1,C00034AD7,,,,,,,95.0,84.0,R000183B1,C00034AD7
142,data/cut_3/R000183B1_C00034AE3_1.png,494.5,318.5,,,,,R000183B1,C00034AE3,一成府路,"[(477, 296), (508, 296), (508, 434), (477, 434)]",239.5,63.5,R000183B1,C00034AE3,,,,
143,data/cut_3/R000183B1_C00034AE3_8.png,352.5,452.0,353.0,442.0,楼宇,120200,R000183B1,C00034AE3,三才堂写字楼,None,97.5,197.0,R000183B1,C00034AE3,98.0,187.0,R000183B1,C00034AE3
144,data/cut_3/R000183B1_C00034AE3_16.png,373.5,299.0,359.0,322.0,公交车站,150700,R000183B1,C00034AE3,成府路,None,118.5,44.0,R000183B1,C00034AE3,104.0,67.0,R000183B1,C00034AE3
145,data/cut_3/R000183B1_C00034AE3_22.png,442.5,371.0,443.0,363.0,通行设施,990000,R000183B1,C00034AE3,北门,"[(439, 357), (462, 357), (462, 414), (439, 414)]",187.5,116.0,R000183B1,C00034AE3,188.0,108.0,R000183B1,C00034AE3
146,data/cut_3/R000183B1_C00034AE3_23.png,309.5,497.5,,,,,R000183B1,C00034AE3,5号楼,None,54.5,242.5,R000183B1,C00034AE3,,,,
147,data/cut_3/R000183B1_C00034AE3_24.png,479.0,467.5,,,,,R000183B1,C00034AE3,2号楼,"[(421, 454), (492, 454), (492, 627), (421, 627)]",224.0,212.5,R000183B1,C00034AE3,,,,
148,,,,405.0,338.0,公交车站,150700,R000183B1,C00034AE3,,,,,,,150.0,83.0,R000183B1,C00034AE3
149,,,,279.0,458.0,停车场,150900,R000183B1,C00034AE3,,,,,,,24.0,203.0,R000183B1,C00034AE3
150,,,,357.0,377.0,停车场,150900,R000183B1,C00034AE3,,,,,,,102.0,122.0,R000183B1,C00034AE3
151,data/cut_3/R000183B1_C00034ADA_5.png,412.0,433.5,412.0,426.0,地铁站,150500,R000183B1,C00034ADA,北京大学东门,None,157.0,178.5,R000183B1,C00034ADA,157.0,171.0,R000183B1,C00034ADA
152,data/cut_3/R000183B1_C00034ADA_8.png,439.0,262.5,,,,,R000183B1,C00034ADA,教育培训中心,None,184.0,7.5,R000183B1,C00034ADA,,,,
153,data/cut_3/R000183B1_C00034ADA_9.png,381.0,295.5,,,,,R000183B1,C00034ADA,村北大街,None,126.0,40.5,R000183B1,C00034ADA,,,,
154,data/cut_3/R000183B1_C00034ADA_19.png,507.5,369.5,,,,,R000183B1,C00034ADA,B,None,252.5,114.5,R000183B1,C00034ADA,,,,
155,data/cut_3/R000183B1_C00034ADC_4.png,342.0,377.0,345.0,370.0,通行设施,990000,R000183B1,C00034ADC,物理学院(南门),None,87.0,122.0,R000183B1,C00034ADC,90.0,115.0,R000183B1,C00034ADC
156,data/cut_3/R000183B1_C00034ADC_9.png,347.0,483.0,347.0,473.0,住宅区,120300,R000183B1,C00034ADC,中关园,None,92.0,228.0,R000183B1,C00034ADC,92.0,218.0,R000183B1,C00034ADC
157,data/cut_3/R000183B1_C00034ADC_12.png,390.5,411.0,,,,,R000183B1,C00034ADC,成府路,None,135.5,156.0,R000183B1,C00034ADC,,,,
158,data/cut_3/R000183B1_C00034AD5_1.png,487.0,303.5,487.0,293.0,图书馆,140500,R000183B1,C00034AD5,口沙特国王图书馆,None,232.0,48.5,R000183B1,C00034AD5,232.0,38.0,R000183B1,C00034AD5
159,data/cut_3/R000183B1_C00034AD5_3.png,392.0,447.5,,,,,R000183B1,C00034AD5,俄罗斯语言文学系,None,137.0,192.5,R000183B1,C00034AD5,,,,
160,data/cut_3/R000183B1_C00034AD5_5.png,267.0,448.0,,,,,R000183B1,C00034AD5,革命烈土纪念碑,None,12.0,193.0,R000183B1,C00034AD5,,,,
161,data/cut_3/R000183B1_C00034AD5_9.png,261.5,269.5,,,,,R000183B1,C00034AD5,李大钊像,None,6.5,14.5,R000183B1,C00034AD5,,,,
162,data/cut_3/R000183B1_C00034AD5_12.png,361.0,268.5,,,,,R000183B1,C00034AD5,俄文楼,None,106.0,13.5,R000183B1,C00034AD5,,,,
163,data/cut_3/R000183B1_C00034AE1_0.png,290.5,368.0,,,,,R000183B1,C00034AE1,平晋香缘刀削面,None,35.5,113.0,R000183B1,C00034AE1,,,,
164,data/cut_3/R000183B1_C00034AE1_5.png,464.0,458.5,465.0,442.0,餐饮服务,050000,R000183B1,C00034AE1,中科院过程工程研究所食堂,None,209.0,203.5,R000183B1,C00034AE1,210.0,187.0,R000183B1,C00034AE1
165,data/cut_3/R000183B1_C00034AE1_14.png,307.0,280.5,306.0,270.0,住宿服务,100000,R000183B1,C00034AE1,99旅馆,None,52.0,25.5,R000183B1,C00034AE1,51.0,15.0,R000183B1,C00034AE1
166,data/cut_3/R000183B1_C00034AE1_17.png,494.5,335.5,,,,,R000183B1,C00034AE1,成府路,"[(451, 265), (500, 265), (500, 366), (451, 366)]",239.5,80.5,R000183B1,C00034AE1,,,,
167,,,,295.0,426.0,餐饮服务,050000,R000183B1,C00034AE1,,,,,,,40.0,171.0,R000183B1,C00034AE1
168,,,,430.0,272.0,通行设施,990000,R000183B1,C00034AE1,,,,,,,175.0,17.0,R000183B1,C00034AE1
169,data/cut_3/R000183B2_C00034ADF_8.png,451.5,296.0,,,,,R000183B2,C00034ADF,宏世皓泉水站,"[(362, 223), (505, 223), (505, 334), (362, 334)]",196.5,41.0,R000183B2,C00034ADF,,,,
170,data/cut_3/R000183B2_C00034ADF_23.png,411.0,351.0,411.0,344.0,通行设施,990000,R000183B2,C00034ADF,北2门,None,156.0,96.0,R000183B2,C00034ADF,156.0,89.0,R000183B2,C00034ADF
171,data/cut_3/R000183B2_C00034ADF_24.png,334.5,380.5,334.0,373.0,通行设施,990000,R000183B2,C00034ADF,北1门,None,79.5,125.5,R000183B2,C00034ADF,79.0,118.0,R000183B2,C00034ADF
172,data/cut_3/R000183B2_C00034ADF_30.png,319.0,489.5,,,,,R000183B2,C00034ADF,5号楼,None,64.0,234.5,R000183B2,C00034ADF,,,,
173,data/cut_3/R000183B2_C00034ADF_33.png,443.0,500.5,,,,,R000183B2,C00034ADF,3号楼,None,188.0,245.5,R000183B2,C00034ADF,,,,
174,,,,322.0,438.0,学校,141200,R000183B2,C00034ADF,,,,,,,67.0,183.0,R000183B2,C00034ADF
175,data/cut_3/R000183B2_C00034AE4_7.png,438.0,282.0,440.0,267.0,通行设施,990000,R000183B2,C00034AE4,大通成府馆(北门,None,183.0,27.0,R000183B2,C00034AE4,185.0,12.0,R000183B2,C00034AE4
176,data/cut_3/R000183B2_C00034AE4_37.png,298.0,299.5,,,,,R000183B2,C00034AE4,3号楼,"[(294, 216), (320, 216), (320, 350), (294, 350)]",43.0,44.5,R000183B2,C00034AE4,,,,
177,,,,376.0,344.0,公共厕所,200300,R000183B2,C00034AE4,,,,,,,121.0,89.0,R000183B2,C00034AE4
178,data/cut_3/R000183B2_C00034AE5_6.png,484.5,328.5,486.0,314.0,通行设施,990000,R000183B2,C00034AE5,大通成府公馆(东北门),"[(484, 232), (531, 232), (531, 403), (484, 403)]",229.5,73.5,R000183B2,C00034AE5,231.0,59.0,R000183B2,C00034AE5
179,data/cut_3/R000183B2_C00034AE5_10.png,508.0,257.0,,,,,R000183B2,C00034AE5,清华园铁路宿舍,"[(484, 232), (531, 232), (531, 403), (484, 403)]",253.0,2.0,R000183B2,C00034AE5,,,,
180,data/cut_3/R000183B2_C00034AE5_23.png,328.5,345.0,,,,,R000183B2,C00034AE5,大通成府,None,73.5,90.0,R000183B2,C00034AE5,,,,
181,data/cut_3/R000183B2_C00034AE5_32.png,335.5,412.5,336.0,405.0,通行设施,990000,R000183B2,C00034AE5,南门,None,80.5,157.5,R000183B2,C00034AE5,81.0,150.0,R000183B2,C00034AE5
182,data/cut_3/R000183B2_C00034AE5_40.png,430.0,384.5,,,,,R000183B2,C00034AE5,1号楼,None,175.0,129.5,R000183B2,C00034AE5,,,,
183,data/cut_3/R000183B2_C00034AE5_44.png,311.0,507.5,,,,,R000183B2,C00034AE5,6号楼,None,56.0,252.5,R000183B2,C00034AE5,,,,
184,data/cut_3/R000183B2_C00034AE5_45.png,261.0,299.5,,,,,R000183B2,C00034AE5,6号楼,None,6.0,44.5,R000183B2,C00034AE5,,,,
185,data/cut_3/R000183B2_C00034AE5_46.png,410.0,291.5,,,,,R000183B2,C00034AE5,2号楼,None,155.0,36.5,R000183B2,C00034AE5,,,,
186,data/cut_3/R000183B2_C00034AE5_47.png,260.5,380.5,,,,,R000183B2,C00034AE5,7号楼,None,5.5,125.5,R000183B2,C00034AE5,,,,
187,data/cut_3/R000183B2_C00034AE5_54.png,410.0,339.0,411.0,341.0,停车场,150900,R000183B2,C00034AE5,P,None,155.0,84.0,R000183B2,C00034AE5,156.0,86.0,R000183B2,C00034AE5
188,,,,443.0,499.0,幼儿园,141204,R000183B2,C00034AE5,,,,,,,188.0,244.0,R000183B2,C00034AE5
189,data/cut_3/R000183B2_C00034AD1_1.png,295.0,279.5,,,,,R000183B2,C00034AD1,畅春园、畅春新园学生公寓办公室,None,40.0,24.5,R000183B2,C00034AD1,,,,
190,data/cut_3/R000183B2_C00034AD1_4.png,332.0,495.5,,,,,R000183B2,C00034AD1,中国体育彩票,None,77.0,240.5,R000183B2,C00034AD1,,,,
191,data/cut_3/R000183B2_C00034AD1_10.png,436.0,285.5,,,,,R000183B2,C00034AD1,北京大学畅新园,None,181.0,30.5,R000183B2,C00034AD1,,,,
192,data/cut_3/R000183B2_C00034AD1_35.png,480.0,422.5,,,,,R000183B2,C00034AD1,1号楼,None,225.0,167.5,R000183B2,C00034AD1,,,,
193,,,,355.0,282.0,高等院校,050000,R000183B2,C00034AD1,,,,,,,100.0,27.0,R000183B2,C00034AD1
194,data/cut_3/R000183B1_C00034AE0_3.png,300.5,480.5,301.0,463.0,科研机构,141300,R000183B1,C00034AE0,起源地城市规划设计院,None,45.5,225.5,R000183B1,C00034AE0,46.0,208.0,R000183B1,C00034AE0
195,data/cut_3/R000183B1_C00034AE0_6.png,475.0,440.5,475.0,432.0,餐饮服务,050000,R000183B1,C00034AE0,老北京包子铺,"[(426, 302), (532, 302), (532, 443), (426, 443)]",220.0,185.5,R000183B1,C00034AE0,220.0,177.0,R000183B1,C00034AE0
196,data/cut_3/R000183B1_C00034AE0_9.png,302.5,296.5,303.0,286.0,银行,160100,R000183B1,C00034AE0,平安银行,None,47.5,41.5,R000183B1,C00034AE0,48.0,31.0,R000183B1,C00034AE0
197,data/cut_3/R000183B1_C00034AE0_11.png,489.5,282.0,,,,,R000183B1,C00034AE0,北京稻香村,None,234.5,27.0,R000183B1,C00034AE0,,,,
198,data/cut_3/R000183B1_C00034AE0_15.png,370.5,287.5,,,,,R000183B1,C00034AE0,金凤成祥,None,115.5,32.5,R000183B1,C00034AE0,,,,
199,data/cut_3/R000183B1_C00034AE0_16.png,403.5,453.5,404.0,445.0,餐饮服务,050000,R000183B1,C00034AE0,辣尚瘾,None,148.5,198.5,R000183B1,C00034AE0,149.0,190.0,R000183B1,C00034AE0
200,data/cut_3/R000183B1_C00034AE0_23.png,423.5,301.5,424.0,294.0,通行设施,990000,R000183B1,C00034AE0,南3门,None,168.5,46.5,R000183B1,C00034AE0,169.0,39.0,R000183B1,C00034AE0
201,,,,392.0,371.0,公交车站,150700,R000183B1,C00034AE0,,,,,,,137.0,116.0,R000183B1,C00034AE0
202,,,,272.0,357.0,公交车站,150700,R000183B1,C00034AE0,,,,,,,17.0,102.0,R000183B1,C00034AE0
203,,,,479.0,379.0,停车场,150900,R000183B1,C00034AE0,,,,,,,224.0,124.0,R000183B1,C00034AE0
204,data/cut_3/R000183B1_C00034AD4_1.png,353.0,453.0,354.0,444.0,科研机构,141300,R000183B1,C00034AD4,东方文学研究中心,None,98.0,198.0,R000183B1,C00034AD4,99.0,189.0,R000183B1,C00034AD4
205,data/cut_3/R000183B1_C00034AD4_15.png,267.0,380.5,,,,,R000183B1,C00034AD4,求知路,None,12.0,125.5,R000183B1,C00034AD4,,,,
206,data/cut_3/R000183B1_C00034ADB_0.png,264.0,319.5,,,,,R000183B1,C00034ADB,北京大学微型消防站物理学院分站,None,9.0,64.5,R000183B1,C00034ADB,,,,
207,data/cut_3/R000183B1_C00034ADB_15.png,341.0,444.5,,,,,R000183B1,C00034ADB,成府路,None,86.0,189.5,R000183B1,C00034ADB,,,,
208,data/cut_3/R000183B1_C00034ADB_16.png,483.0,397.0,,,,,R000183B1,C00034ADB,成府路,None,228.0,142.0,R000183B1,C00034ADB,,,,
209,data/cut_3/R000183B1_C00034ADB_23.png,447.5,322.0,448.0,324.0,停车场,150900,R000183B1,C00034ADB,P,None,192.5,67.0,R000183B1,C00034ADB,193.0,69.0,R000183B1,C00034ADB
210,data/cut_3/R000183B1_C00034ACA_7.png,378.5,318.5,,,,,R000183B1,C00034ACA,西苑小学,None,123.5,63.5,R000183B1,C00034ACA,,,,
211,data/cut_3/R000183B2_C00034ACD_6.png,311.0,494.5,311.0,485.0,专卖店,061200,R000183B2,C00034ACD,花尚仙鲜花,None,56.0,239.5,R000183B2,C00034ACD,56.0,230.0,R000183B2,C00034ACD
212,,,,429.0,373.0,公交车站,150700,R000183B2,C00034ACD,,,,,,,174.0,118.0,R000183B2,C00034ACD
213,data/cut_3/R000183B2_C00034ACE_9.png,277.5,354.5,282.0,346.0,通行设施,990000,R000183B2,C00034ACE,西南1门,None,22.5,99.5,R000183B2,C00034ACE,27.0,91.0,R000183B2,C00034ACE
214,data/cut_3/R000183B2_C00034ACE_14.png,385.5,373.0,,,,,R000183B2,C00034ACE,万泉亭,None,130.5,118.0,R000183B2,C00034ACE,,,,
215,,,,324.0,422.0,公交车站,150700,R000183B2,C00034ACE,,,,,,,69.0,167.0,R000183B2,C00034ACE
216,data/cut_3/R000183B1_C00034ACB_4.png,377.0,260.5,,,,,R000183B1,C00034ACB,传媒有限公,None,122.0,5.5,R000183B1,C00034ACB,,,,
217,data/cut_3/R000183B2_C00034ACF_3.png,502.0,343.0,,,,,R000183B2,C00034ACF,畅春新园体育休闲广场,None,247.0,88.0,R000183B2,C00034ACF,,,,
218,data/cut_3/R000183B1_C00034ACC_7.png,418.5,314.5,,,,,R000183B1,C00034ACC,A口,None,163.5,59.5,R000183B1,C00034ACC,,,,
219,data/cut_3/R000183B2_C00034ACB_2.png,400.5,446.5,400.0,429.0,医疗保健服务,090000,R000183B2,C00034ACB,海淀镇社区卫生服务中心,"[(305, 437), (476, 437), (476, 482), (305, 482)]",145.5,191.5,R000183B2,C00034ACB,145.0,174.0,R000183B2,C00034ACB
220,data/cut_3/R000183B2_C00034ACC_5.png,463.0,352.0,464.0,343.0,专卖店,061200,R000183B2,C00034ACC,高山积雪花店,None,208.0,97.0,R000183B2,C00034ACC,209.0,88.0,R000183B2,C00034ACC
221,data/cut_3/R000183B2_C00034ACC_12.png,447.5,431.5,,,,,R000183B2,C00034ACC,麦德龙,None,192.5,176.5,R000183B2,C00034ACC,,,,
222,,,,462.0,511.0,北京银行,160119,R000183B2,C00034ACC,,,,,,,207.0,0.0,R000183B3,C00034ACC
223,data/cut_3/R000183B1_C00034ACF_2.png,395.5,408.5,396.0,399.0,运动场馆,080100,R000183B1,C00034ACF,悠季瑜伽北大会馆,None,140.5,153.5,R000183B1,C00034ACF,141.0,144.0,R000183B1,C00034ACF
224,data/cut_3/R000183B1_C00034ACF_5.png,362.0,286.5,,,,,R000183B1,C00034ACF,o社区活动室,None,107.0,31.5,R000183B1,C00034ACF,,,,
225,data/cut_3/R000183B1_C00034ACF_10.png,327.5,355.0,327.0,365.0,通行设施,990000,R000183B1,C00034ACF,北1门,None,72.5,100.0,R000183B1,C00034ACF,72.0,110.0,R000183B1,C00034ACF
226,data/cut_3/R000183B1_C00034ACF_13.png,373.5,335.0,375.0,328.0,通行设施,990000,R000183B1,C00034ACF,南门,None,118.5,80.0,R000183B1,C00034ACF,120.0,73.0,R000183B1,C00034ACF
227,data/cut_3/R000183B1_C00034ACF_15.png,285.0,302.5,,,,,R000183B1,C00034ACF,55号楼,None,30.0,47.5,R000183B1,C00034ACF,,,,
228,data/cut_3/R000183B1_C00034ACD_1.png,464.5,328.0,465.0,318.0,专卖店,061200,R000183B1,C00034ACD,北京冠伍洲线缆,None,209.5,73.0,R000183B1,C00034ACD,210.0,63.0,R000183B1,C00034ACD
229,data/cut_3/R000183B1_C00034ACD_3.png,258.0,489.5,259.0,474.0,通行设施,990000,R000183B1,C00034ACD,[麦德龙(东北1门,None,3.0,234.5,R000183B1,C00034ACD,4.0,219.0,R000183B1,C00034ACD
230,data/cut_3/R000183B2_C00034ACA_1.png,287.5,356.5,289.0,339.0,学校,141200,R000183B2,C00034ACA,文北京市商务管理学校西苑校区,None,32.5,101.5,R000183B2,C00034ACA,34.0,84.0,R000183B2,C00034ACA
231,,,,290.0,501.0,学校,141200,R000183B2,C00034ACA,,,,,,,35.0,246.0,R000183B2,C00034ACA
232,data/cut_3/R000183B3_C00034AC9_6.png,396.5,375.5,,,,,R000183B3,C00034AC9,新建宫门路,None,141.5,120.5,R000183B3,C00034AC9,,,,
233,data/cut_3/R000183B3_C00034AC9_7.png,465.0,325.0,466.0,318.0,通行设施,990000,R000183B3,C00034AC9,西门,None,210.0,70.0,R000183B3,C00034AC9,211.0,63.0,R000183B3,C00034AC9
234,data/cut_3/R000183B3_C00034AC9_8.png,303.0,312.5,,,,,R000183B3,C00034AC9,东11号楼,"[(287, 255), (328, 255), (328, 380), (287, 380)]",48.0,57.5,R000183B3,C00034AC9,,,,
235,data/cut_3/R000183B1_C00034ACE_0.png,349.5,358.0,350.0,340.0,科研机构,141300,R000183B1,C00034ACE,海淀区植物组织培养技术实验室,None,94.5,103.0,R000183B1,C00034ACE,95.0,85.0,R000183B1,C00034ACE
236,data/cut_3/R000183B1_C00034ACE_5.png,280.5,496.5,,,,,R000183B1,C00034ACE,o京通桶装水站,None,25.5,241.5,R000183B1,C00034ACE,,,,
237,data/cut_3/R000183B1_C00034ACE_8.png,355.0,288.5,355.0,278.0,住宅区,120300,R000183B1,C00034ACE,承泽园,None,100.0,33.5,R000183B1,C00034ACE,100.0,23.0,R000183B1,C00034ACE
238,,,,382.0,461.0,公共厕所,200300,R000183B1,C00034ACE,,,,,,,127.0,206.0,R000183B1,C00034ACE
239,data/cut_3/R000183B3_C00034ACC_6.png,308.5,372.0,272.0,374.0,通行设施,990000,R000183B3,C00034ACC,麦德龙(南门,None,53.5,117.0,R000183B3,C00034ACC,17.0,119.0,R000183B3,C00034ACC
240,data/cut_3/R000183B3_C00034ACC_7.png,461.5,263.0,,,,,R000183B3,C00034ACC,③北京银行,None,206.5,8.0,R000183B3,C00034ACC,,,,
241,data/cut_3/R000183B3_C00034ACB_4.png,359.0,267.5,,,,,R000183B3,C00034ACB,海淀镇便民服务中心,None,104.0,12.5,R000183B3,C00034ACB,,,,
242,data/cut_3/R000183B3_C00034ACB_6.png,299.5,446.5,300.0,432.0,通行设施,990000,R000183B3,C00034ACB,海淀公园(4号门,"[(206, 272), (386, 272), (386, 471), (206, 471)]",44.5,191.5,R000183B3,C00034ACB,45.0,177.0,R000183B3,C00034ACB
243,data/cut_3/R000183B3_C00034ACB_15.png,490.0,447.5,490.0,450.0,停车场,150900,R000183B3,C00034ACB,P,None,235.0,192.5,R000183B3,C00034ACB,235.0,195.0,R000183B3,C00034ACB
244,data/cut_3/R000183B3_C00034ACB_16.png,497.0,508.5,,,,,R000183B3,C00034ACB,D,None,242.0,253.5,R000183B3,C00034ACB,,,,
245,,,,472.0,357.0,政府机关,130100,R000183B3,C00034ACB,,,,,,,217.0,102.0,R000183B3,C00034ACB
246,data/cut_3/R000183B3_C00034ACA_0.png,402.0,375.0,396.0,346.0,公检法机构,130500,R000183B3,C00034ACA,★北京市海淀区海淀镇司法所一新建宫门路,None,147.0,120.0,R000183B3,C00034ACA,141.0,91.0,R000183B3,C00034ACA
247,data/cut_3/R000183B3_C00034ACA_2.png,289.0,262.5,,,,,R000183B3,C00034ACA,文北京市海淀区六郎庄小学,"[(288, 224), (351, 224), (351, 380), (288, 380)]",34.0,7.5,R000183B3,C00034ACA,,,,
248,data/cut_3/R000183B3_C00034ACA_8.png,289.0,361.5,327.0,360.0,通行设施,990000,R000183B3,C00034ACA,六郎庄小学(南门),"[(288, 224), (351, 224), (351, 380), (288, 380)]",34.0,106.5,R000183B3,C00034ACA,72.0,105.0,R000183B3,C00034ACA
249,,,,431.0,429.0,通行设施,990000,R000183B3,C00034ACA,,,,,,,176.0,174.0,R000183B3,C00034ACA
250,data/cut_3/R000183B2_C00034AC9_3.png,430.0,396.0,419.0,358.0,通行设施,990000,R000183B2,C00034AC9,[东2门西苑操场路,None,175.0,141.0,R000183B2,C00034AC9,164.0,103.0,R000183B2,C00034AC9
251,data/cut_3/R000183B2_C00034AC9_5.png,300.0,291.0,298.0,281.0,住宅区,120300,R000183B2,C00034AC9,信所西苑小区,None,45.0,36.0,R000183B2,C00034AC9,43.0,26.0,R000183B2,C00034AC9
252,data/cut_3/R000183B2_C00034AC9_13.png,300.0,481.5,,,,,R000183B2,C00034AC9,东10号楼,"[(285, 453), (300, 453), (300, 518), (285, 518)]",45.0,226.5,R000183B2,C00034AC9,,,,
253,data/cut_3/R000183B2_C00034AC9_15.png,296.0,406.5,,,,,R000183B2,C00034AC9,东9号楼,None,41.0,151.5,R000183B2,C00034AC9,,,,
254,data/cut_3/R000183B3_C00034ACE_1.png,301.5,379.0,302.0,360.0,公检法机构,130500,R000183B3,C00034ACE,海淀镇综合治安办公室,None,46.5,124.0,R000183B3,C00034ACE,47.0,105.0,R000183B3,C00034ACE
255,data/cut_3/R000183B3_C00034ACE_7.png,464.0,353.5,463.0,346.0,通行设施,990000,R000183B3,C00034ACE,南门,None,209.0,98.5,R000183B3,C00034ACE,208.0,91.0,R000183B3,C00034ACE
256,data/cut_3/R000183B3_C00034ACD_1.png,373.5,426.5,,,,,R000183B3,C00034ACD,新建宫门路→,None,118.5,171.5,R000183B3,C00034ACD,,,,
257,data/cut_3/R000183B1_C00034AC9_2.png,437.5,328.5,437.0,319.0,便民商店,060200,R000183B1,C00034AC9,中商惠民天乐超市,None,182.5,73.5,R000183B1,C00034AC9,182.0,64.0,R000183B1,C00034AC9
258,data/cut_3/R000183B1_C00034AC9_4.png,419.5,428.5,,,,,R000183B1,C00034AC9,西苑操场路,None,164.5,173.5,R000183B1,C00034AC9,,,,
259,data/cut_3/R000183B1_C00034AC9_6.png,445.5,277.5,428.0,280.0,通行设施,990000,R000183B1,C00034AC9,F西2门,"[(442, 254), (472, 254), (472, 331), (442, 331)]",190.5,22.5,R000183B1,C00034AC9,173.0,25.0,R000183B1,C00034AC9
260,data/cut_3/R000183B1_C00034AC9_8.png,369.5,507.0,,,,,R000183B1,C00034AC9,东8号楼,"[(361, 436), (396, 436), (396, 514), (361, 514)]",114.5,252.0,R000183B1,C00034AC9,,,,
261,data/cut_3/R000183B1_C00034AC9_10.png,270.0,396.5,,,,,R000183B1,C00034AC9,5号楼,None,15.0,141.5,R000183B1,C00034AC9,,,,
262,data/cut_3/R000183B1_C00034AC9_12.png,270.5,460.5,,,,,R000183B1,C00034AC9,6号楼,None,15.5,205.5,R000183B1,C00034AC9,,,,
263,data/cut_3/R000183B1_C00034AC9_13.png,267.5,326.5,,,,,R000183B1,C00034AC9,号楼,None,12.5,71.5,R000183B1,C00034AC9,,,,
264,data/cut_3/R000183B3_C00034ACF_0.png,370.5,326.0,371.0,306.0,专卖店,061200,R000183B3,C00034ACF,畅春园名烟名酒芙蓉北路,None,115.5,71.0,R000183B3,C00034ACF,116.0,51.0,R000183B3,C00034ACF
265,data/cut_3/R000183B3_C00034ACF_6.png,427.5,368.5,428.0,361.0,通行设施,990000,R000183B3,C00034ACF,北门,None,172.5,113.5,R000183B3,C00034ACF,173.0,106.0,R000183B3,C00034ACF
266,data/cut_3/R000183B3_C00034ACF_12.png,337.5,419.5,,,,,R000183B3,C00034ACF,5号楼,None,82.5,164.5,R000183B3,C00034ACF,,,,
267,data/cut_3/R000183B3_C00034ACF_13.png,510.0,385.5,,,,,R000183B3,C00034ACF,1号楼,None,255.0,130.5,R000183B3,C00034ACF,,,,
268,data/cut_3/R000183B1_C00034AD9_1.png,440.0,445.0,440.0,427.0,学校内部设施,141207,R000183B1,C00034AD9,北大生命科学科研大楼,None,185.0,190.0,R000183B1,C00034AD9,185.0,172.0,R000183B1,C00034AD9
269,data/cut_3/R000183B1_C00034AD9_4.png,406.5,370.0,407.0,360.0,学校内部设施,141207,R000183B1,C00034AD9,金光生命科学大楼,None,151.5,115.0,R000183B1,C00034AD9,152.0,105.0,R000183B1,C00034AD9
270,data/cut_3/R000183B3_C00034ADD_2.png,310.5,405.5,,,,,R000183B3,C00034ADD,新园生活便利店,None,55.5,150.5,R000183B3,C00034ADD,,,,
271,data/cut_3/R000183B3_C00034ADD_9.png,454.5,297.5,,,,,R000183B3,C00034ADD,49号楼,None,199.5,42.5,R000183B3,C00034ADD,,,,
272,data/cut_3/R000183B3_C00034ADD_11.png,281.0,302.5,,,,,R000183B3,C00034ADD,45号楼,None,26.0,47.5,R000183B3,C00034ADD,,,,
273,data/cut_3/R000183B3_C00034ADD_19.png,433.0,406.5,,,,,R000183B3,C00034ADD,6号楼,None,178.0,151.5,R000183B3,C00034ADD,,,,
274,data/cut_3/R000183B3_C00034ADD_23.png,445.0,337.0,446.0,339.0,停车场,150900,R000183B3,C00034ADD,P,None,190.0,82.0,R000183B3,C00034ADD,191.0,84.0,R000183B3,C00034ADD
275,,,,363.0,408.0,便民商店,060200,R000183B3,C00034ADD,,,,,,,108.0,153.0,R000183B3,C00034ADD
276,data/cut_3/R000183B3_C00034AD2_5.png,400.0,458.5,,,,,R000183B3,C00034AD2,颐和园路,None,145.0,203.5,R000183B3,C00034AD2,,,,
277,data/cut_3/R000183B3_C00034AD2_33.png,347.5,463.0,348.0,465.0,停车场,150900,R000183B3,C00034AD2,P,None,92.5,208.0,R000183B3,C00034AD2,93.0,210.0,R000183B3,C00034AD2
278,data/cut_3/R000183B3_C00034AD2_35.png,319.5,358.0,320.0,360.0,停车场,150900,R000183B3,C00034AD2,P,None,64.5,103.0,R000183B3,C00034AD2,65.0,105.0,R000183B3,C00034AD2
279,data/cut_3/R000183B3_C00034AE6_4.png,377.5,413.5,,,,,R000183B3,C00034AE6,中关村北条甲1号院,"[(351, 382), (422, 382), (422, 456), (351, 456)]",122.5,158.5,R000183B3,C00034AE6,,,,
280,data/cut_3/R000183B3_C00034AE6_8.png,287.5,263.5,,,,,R000183B3,C00034AE6,三才堂小区,"[(260, 258), (294, 258), (294, 385), (260, 385)]",32.5,8.5,R000183B3,C00034AE6,,,,
281,data/cut_3/R000183B3_C00034AE6_11.png,303.0,408.5,285.0,411.0,通行设施,990000,R000183B3,C00034AE6,西1门,None,48.0,153.5,R000183B3,C00034AE6,30.0,156.0,R000183B3,C00034AE6
282,data/cut_3/R000183B3_C00034AE6_12.png,292.0,318.5,292.0,311.0,通行设施,990000,R000183B3,C00034AE6,西2门,"[(260, 258), (294, 258), (294, 385), (260, 385)]",37.0,63.5,R000183B3,C00034AE6,37.0,56.0,R000183B3,C00034AE6
283,data/cut_3/R000183B3_C00034AE6_17.png,485.5,464.5,489.0,496.0,通行设施,990000,R000183B3,C00034AE6,2号楼,"[(453, 390), (490, 390), (490, 486), (453, 486)]",230.5,209.5,R000183B3,C00034AE6,234.0,241.0,R000183B3,C00034AE6
284,data/cut_3/R000183B3_C00034AE6_19.png,296.0,436.5,285.0,411.0,通行设施,990000,R000183B3,C00034AE6,3号楼,"[(229, 424), (304, 424), (304, 480), (229, 480)]",41.0,181.5,R000183B3,C00034AE6,30.0,156.0,R000183B3,C00034AE6
285,data/cut_3/R000183B3_C00034AE6_20.png,356.0,334.5,,,,,R000183B3,C00034AE6,5号楼,None,101.0,79.5,R000183B3,C00034AE6,,,,
286,data/cut_3/R000183B3_C00034AD3_8.png,510.5,391.0,511.0,382.0,科教文化服务,140000,R000183B3,C00034AD3,T鸿升讲堂,None,255.5,136.0,R000183B3,C00034AD3,0.0,127.0,R000183B3,C00034AD4
287,data/cut_3/R000183B3_C00034AD3_14.png,344.5,496.5,,,,,R000183B3,C00034AD3,北京大学45乙,None,89.5,241.5,R000183B3,C00034AD3,,,,
288,data/cut_3/R000183B3_C00034AD3_20.png,304.0,317.5,,,,,R000183B3,C00034AD3,8号楼,None,49.0,62.5,R000183B3,C00034AD3,,,,
289,data/cut_3/R000183B3_C00034AD3_21.png,272.0,406.5,,,,,R000183B3,C00034AD3,9号楼,None,17.0,151.5,R000183B3,C00034AD3,,,,
290,data/cut_3/R000183B3_C00034AD3_24.png,391.5,359.5,,,,,R000183B3,C00034AD3,7号楼,None,136.5,104.5,R000183B3,C00034AD3,,,,
291,data/cut_3/R000183B3_C00034ADE_4.png,475.0,314.5,475.0,305.0,运动场馆,080100,R000183B3,C00034ADE,乒乓球长廊,None,220.0,59.5,R000183B3,C00034ADE,220.0,50.0,R000183B3,C00034ADE
292,data/cut_3/R000183B3_C00034ADE_6.png,262.5,413.5,263.0,405.0,餐饮服务_,050000,R000183B3,C00034ADE,辰光咖啡亍,None,7.5,158.5,R000183B3,C00034ADE,8.0,150.0,R000183B3,C00034ADE
293,data/cut_3/R000183B3_C00034ADE_20.png,346.0,299.5,,,,,R000183B3,C00034ADE,9号楼,None,91.0,44.5,R000183B3,C00034ADE,,,,
294,,,,279.0,307.0,通行设施,990000,R000183B3,C00034ADE,,,,,,,24.0,52.0,R000183B3,C00034ADE
295,data/cut_3/R000183B1_C00034AD8_8.png,417.0,424.5,417.0,414.0,学校内部设施,141207,R000183B1,C00034AD8,志和楼,"[(267, 333), (429, 333), (429, 487), (267, 487)]",162.0,169.5,R000183B1,C00034AD8,162.0,159.0,R000183B1,C00034AD8
296,data/cut_3/R000183B1_C00034AD8_16.png,456.5,474.0,,,,,R000183B1,C00034AD8,大城坊,None,201.5,219.0,R000183B1,C00034AD8,,,,
297,data/cut_3/R000183B3_C00034AE5_1.png,443.5,263.0,,,,,R000183B3,C00034AE5,中国科学院幼儿园第二幼儿园,None,188.5,8.0,R000183B3,C00034AE5,,,,
298,data/cut_3/R000183B3_C00034AE5_38.png,503.0,413.5,504.0,415.0,停车场,150900,R000183B3,C00034AE5,P,None,248.0,158.5,R000183B3,C00034AE5,249.0,160.0,R000183B3,C00034AE5
299,data/cut_3/R000183B3_C00034AD1_1.png,509.0,477.0,509.0,467.0,运动场馆,080100,R000183B3,C00034AD1,海淀体育馆,"[(438, 363), (511, 363), (511, 588), (438, 588)]",254.0,222.0,R000183B3,C00034AD1,254.0,212.0,R000183B3,C00034AD1
300,data/cut_3/R000183B3_C00034AD1_5.png,271.5,410.5,,,,,R000183B3,C00034AD1,芙蓉里东区,None,16.5,155.5,R000183B3,C00034AD1,,,,
301,data/cut_3/R000183B3_C00034AD1_7.png,496.0,285.5,499.0,317.0,通行设施,990000,R000183B3,C00034AD1,芙蓉北路,None,241.0,30.5,R000183B3,C00034AD1,244.0,62.0,R000183B3,C00034AD1
302,data/cut_3/R000183B3_C00034AD1_11.png,340.0,288.5,340.0,281.0,通行设施,990000,R000183B3,C00034AD1,南1门,None,85.0,33.5,R000183B3,C00034AD1,85.0,26.0,R000183B3,C00034AD1
303,data/cut_3/R000183B3_C00034AD1_12.png,414.5,315.5,415.0,308.0,通行设施,990000,R000183B3,C00034AD1,北1门,"[(414, 274), (463, 274), (463, 416), (414, 416)]",159.5,60.5,R000183B3,C00034AD1,160.0,53.0,R000183B3,C00034AD1
304,data/cut_3/R000183B3_C00034AD1_13.png,498.5,325.0,499.0,317.0,通行设施,990000,R000183B3,C00034AD1,北门,None,243.5,70.0,R000183B3,C00034AD1,244.0,62.0,R000183B3,C00034AD1
305,data/cut_3/R000183B3_C00034AD1_14.png,262.5,326.0,263.0,318.0,通行设施,990000,R000183B3,C00034AD1,北门,None,7.5,71.0,R000183B3,C00034AD1,8.0,63.0,R000183B3,C00034AD1
306,data/cut_3/R000183B3_C00034AD1_18.png,314.0,343.5,,,,,R000183B3,C00034AD1,13号楼,None,59.0,88.5,R000183B3,C00034AD1,,,,
307,data/cut_3/R000183B3_C00034AD1_20.png,354.0,433.5,,,,,R000183B3,C00034AD1,14号楼,None,99.0,178.5,R000183B3,C00034AD1,,,,
308,data/cut_3/R000183B3_C00034AD1_28.png,476.5,372.0,477.0,374.0,停车场,150900,R000183B3,C00034AD1,P,"[(438, 363), (511, 363), (511, 588), (438, 588)]",221.5,117.0,R000183B3,C00034AD1,222.0,119.0,R000183B3,C00034AD1
309,,,,414.0,272.0,停车场,150900,R000183B3,C00034AD1,,,,,,,159.0,17.0,R000183B3,C00034AD1
310,data/cut_3/R000183B3_C00034AD0_14.png,418.0,369.5,,,,,R000183B3,C00034AD0,11号楼,None,163.0,114.5,R000183B3,C00034AD0,,,,
311,data/cut_3/R000183B3_C00034AD0_15.png,499.0,446.5,,,,,R000183B3,C00034AD0,12号楼,None,244.0,191.5,R000183B3,C00034AD0,,,,
312,data/cut_3/R000183B3_C00034AD0_23.png,441.5,292.5,442.0,295.0,停车场,150900,R000183B3,C00034AD0,P,None,186.5,37.5,R000183B3,C00034AD0,187.0,40.0,R000183B3,C00034AD0
313,,,,465.0,497.0,通行设施,990000,R000183B3,C00034AD0,,,,,,,210.0,242.0,R000183B3,C00034AD0
314,,,,331.0,329.0,公交车站,150700,R000183B3,C00034AD0,,,,,,,76.0,74.0,R000183B3,C00034AD0
315,data/cut_3/R000183B3_C00034AE4_0.png,505.0,428.5,,,,,R000183B3,C00034AE4,科住物业管理有限公司理化所分公司,None,250.0,173.5,R000183B3,C00034AE4,,,,
316,data/cut_3/R000183B3_C00034AE4_3.png,387.0,294.5,,,,,R000183B3,C00034AE4,Gi-Club狼人杀桌游吧,None,132.0,39.5,R000183B3,C00034AE4,,,,
317,data/cut_3/R000183B3_C00034AE4_8.png,293.5,325.0,,,,,R000183B3,C00034AE4,水清木华园,"[(268, 263), (313, 263), (313, 376), (268, 376)]",38.5,70.0,R000183B3,C00034AE4,,,,
318,data/cut_3/R000183B3_C00034AE4_11.png,288.5,280.0,,,,,R000183B3,C00034AE4,魅阁密室,"[(268, 263), (313, 263), (313, 376), (268, 376)]",33.5,25.0,R000183B3,C00034AE4,,,,
319,data/cut_3/R000183B3_C00034AE4_18.png,359.0,266.5,,,,,R000183B3,C00034AE4,5号楼,"[(348, 197), (413, 197), (413, 267), (348, 267)]",104.0,11.5,R000183B3,C00034AE4,,,,
320,data/cut_3/R000183B3_C00034AE4_30.png,419.0,369.5,,,,,R000183B3,C00034AE4,4号楼,None,164.0,114.5,R000183B3,C00034AE4,,,,
321,,,,441.0,490.0,科研机构,141300,R000183B3,C00034AE4,,,,,,,186.0,235.0,R000183B3,C00034AE4
322,data/cut_3/R000183B3_C00034ADF_0.png,294.0,479.0,295.0,461.0,科研机构,141300,R000183B3,C00034ADF,分子反应动力学国家重点实验室,"[(281, 423), (358, 423), (358, 516), (281, 516)]",39.0,224.0,R000183B3,C00034ADF,40.0,206.0,R000183B3,C00034ADF
323,data/cut_3/R000183B3_C00034ADF_3.png,377.5,356.5,,,,,R000183B3,C00034ADF,中国科学院化学研究所,None,122.5,101.5,R000183B3,C00034ADF,,,,
324,data/cut_3/R000183B3_C00034ADF_13.png,468.0,319.5,,,,,R000183B3,C00034ADF,3号楼,"[(433, 235), (513, 235), (513, 362), (433, 362)]",213.0,64.5,R000183B3,C00034ADF,,,,
325,data/cut_3/R000183B3_C00034AE0_2.png,313.5,317.5,,,,,R000183B3,C00034AE0,北京中科健安医用技术有限公司,None,58.5,62.5,R000183B3,C00034AE0,,,,
326,data/cut_3/R000183B3_C00034AD4_2.png,354.5,289.0,355.0,279.0,运动场馆,080100,R000183B3,C00034AD4,三体网球场,None,99.5,34.0,R000183B3,C00034AD4,100.0,24.0,R000183B3,C00034AD4
327,data/cut_3/R000183B3_C00034AD4_3.png,310.0,462.5,311.0,452.0,学校内部设施,141207,R000183B3,C00034AD4,综合科研楼,None,55.0,207.5,R000183B3,C00034AD4,56.0,197.0,R000183B3,C00034AD4
328,data/cut_3/R000183B3_C00034AD4_19.png,473.0,372.5,,,,,R000183B3,C00034AD4,50号楼,None,218.0,117.5,R000183B3,C00034AD4,,,,
329,data/cut_3/R000183B3_C00034ADB_0.png,447.5,348.0,447.0,330.0,楼宇,120200,R000183B3,C00034ADB,海外高层次人才创新创业基地,None,192.5,93.0,R000183B3,C00034ADB,192.0,75.0,R000183B3,C00034ADB
330,data/cut_3/R000183B3_C00034ADB_14.png,497.0,467.5,498.0,459.0,餐饮服务,050000,R000183B3,C00034ADB,时光,None,242.0,212.5,R000183B3,C00034ADB,243.0,204.0,R000183B3,C00034ADB
331,data/cut_3/R000183B3_C00034ADB_15.png,304.5,416.5,,,,,R000183B3,C00034ADB,南区506楼,None,49.5,161.5,R000183B3,C00034ADB,,,,
332,data/cut_3/R000183B3_C00034ADB_20.png,509.0,418.5,,,,,R000183B3,C00034ADB,2号楼,None,254.0,163.5,R000183B3,C00034ADB,,,,
333,,,,460.0,447.0,停车场,150900,R000183B3,C00034ADB,,,,,,,205.0,192.0,R000183B3,C00034ADB
334,data/cut_3/R000183B3_C00034ADC_1.png,454.0,437.0,455.0,418.0,运动场馆,080100,R000183B3,C00034ADC,北京大学中关新园康乐中心,None,199.0,182.0,R000183B3,C00034ADC,200.0,163.0,R000183B3,C00034ADC
335,data/cut_3/R000183B3_C00034AD5_0.png,480.5,278.5,476.0,269.0,篮球场馆,080104,R000183B3,C00034AD5,带第三体育馆东篮球场,None,225.5,23.5,R000183B3,C00034AD5,221.0,14.0,R000183B3,C00034AD5
336,data/cut_3/R000183B3_C00034AD5_1.png,510.5,498.0,,,,,R000183B3,C00034AD5,美学与美育研究中心,None,255.5,243.0,R000183B3,C00034AD5,,,,
337,data/cut_3/R000183B3_C00034AD5_5.png,283.0,276.5,283.0,267.0,运动场馆,080100,R000183B3,C00034AD5,第二体育馆,None,28.0,21.5,R000183B3,C00034AD5,28.0,12.0,R000183B3,C00034AD5
338,data/cut_3/R000183B3_C00034AD5_14.png,439.0,376.5,,,,,R000183B3,C00034AD5,52号楼,None,184.0,121.5,R000183B3,C00034AD5,,,,
339,data/cut_3/R000183B3_C00034AD5_15.png,361.0,375.5,,,,,R000183B3,C00034AD5,51号楼,None,106.0,120.5,R000183B3,C00034AD5,,,,
340,data/cut_3/R000183B3_C00034AD5_18.png,442.5,480.5,,,,,R000183B3,C00034AD5,60号楼,None,187.5,225.5,R000183B3,C00034AD5,,,,
341,data/cut_3/R000183B3_C00034AD5_21.png,259.0,378.5,,,,,R000183B3,C00034AD5,66号楼,None,4.0,123.5,R000183B3,C00034AD5,,,,
342,,,,417.0,279.0,篮球场馆,080104,R000183B3,C00034AD5,,,,,,,162.0,24.0,R000183B3,C00034AD5
343,data/cut_3/R000183B3_C00034AE1_9.png,321.0,415.5,321.0,408.0,通行设施,990000,R000183B3,C00034AE1,东1门,None,66.0,160.5,R000183B3,C00034AE1,66.0,153.0,R000183B3,C00034AE1
344,data/cut_3/R000183B3_C00034AE1_10.png,368.0,342.0,369.0,335.0,通行设施,990000,R000183B3,C00034AE1,西门,None,113.0,87.0,R000183B3,C00034AE1,114.0,80.0,R000183B3,C00034AE1
345,data/cut_3/R000183B3_C00034AE1_14.png,323.0,454.5,,,,,R000183B3,C00034AE1,甲5号楼,"[(318, 420), (357, 420), (357, 524), (318, 524)]",68.0,199.5,R000183B3,C00034AE1,,,,
346,,,,323.0,500.0,住宅区,120300,R000183B3,C00034AE1,,,,,,,68.0,245.0,R000183B3,C00034AE1
347,data/cut_3/R000183B2_C00034AD9_19.png,464.5,282.5,465.0,272.0,学校内部设施,141207,R000183B2,C00034AD9,逸夫贰楼,None,209.5,27.5,R000183B2,C00034AD9,210.0,17.0,R000183B2,C00034AD9
348,data/cut_3/R000183B3_C00034AD7_10.png,505.5,291.5,505.0,281.0,学校内部设施,141207,R000183B3,C00034AD7,光华楼,None,250.5,36.5,R000183B3,C00034AD7,250.0,26.0,R000183B3,C00034AD7
349,,,,388.0,500.0,学校内部设施,141207,R000183B3,C00034AD7,,,,,,,133.0,245.0,R000183B3,C00034AD7
350,data/cut_3/R000183B3_C00034AE3_3.png,268.5,313.0,,,,,R000183B3,C00034AE3,新东方(水清木华校区),None,13.5,58.0,R000183B3,C00034AE3,,,,
351,data/cut_3/R000183B3_C00034AE3_7.png,472.5,418.5,473.0,401.0,住宿服务,100000,R000183B3,C00034AE3,居派青年空间公寓,"[(468, 365), (519, 365), (519, 624), (468, 624)]",217.5,163.5,R000183B3,C00034AE3,218.0,146.0,R000183B3,C00034AE3
352,data/cut_3/R000183B3_C00034AE3_22.png,498.5,345.5,,,,,R000183B3,C00034AE3,2号楼,None,243.5,90.5,R000183B3,C00034AE3,,,,
353,data/cut_3/R000183B3_C00034AE3_24.png,285.0,363.5,,,,,R000183B3,C00034AE3,1号楼,"[(268, 333), (309, 333), (309, 444), (268, 444)]",30.0,108.5,R000183B3,C00034AE3,,,,
354,data/cut_3/R000183B3_C00034AE3_25.png,403.0,278.5,,,,,R000183B3,C00034AE3,3号楼,"[(351, 261), (421, 261), (421, 331), (351, 331)]",148.0,23.5,R000183B3,C00034AE3,,,,
355,,,,497.0,503.0,科研机构,141300,R000183B3,C00034AE3,,,,,,,242.0,248.0,R000183B3,C00034AE3
356,data/cut_3/R000183B3_C00034ADA_3.png,431.5,383.5,,,,,R000183B3,C00034ADA,中关村北大,None,176.5,128.5,R000183B3,C00034ADA,,,,
357,data/cut_3/R000183B3_C00034ADA_8.png,435.5,302.5,,,,,R000183B3,C00034ADA,中,None,180.5,47.5,R000183B3,C00034ADA,,,,
358,data/cut_3/R000183B3_C00034ADA_13.png,383.5,434.0,384.0,427.0,通行设施,990000,R000183B3,C00034ADA,东南门,None,128.5,179.0,R000183B3,C00034ADA,129.0,172.0,R000183B3,C00034ADA
359,data/cut_3/R000183B3_C00034ADA_20.png,449.0,507.0,,,,,R000183B3,C00034ADA,⊥,None,194.0,252.0,R000183B3,C00034ADA,,,,
360,data/cut_3/R000183B3_C00034AE2_4.png,263.5,424.5,264.0,407.0,科研机构,141300,R000183B3,C00034AE2,北京射频超导研究中心,"[(252, 267), (314, 267), (314, 437), (252, 437)]",8.5,169.5,R000183B3,C00034AE2,9.0,152.0,R000183B3,C00034AE2
361,data/cut_3/R000183B3_C00034AE2_13.png,470.0,341.5,471.0,334.0,通行设施,990000,R000183B3,C00034AE2,西门,"[(431, 288), (473, 288), (473, 342), (431, 342)]",215.0,86.5,R000183B3,C00034AE2,216.0,79.0,R000183B3,C00034AE2
362,,,,468.0,437.0,停车场,150900,R000183B3,C00034AE2,,,,,,,213.0,182.0,R000183B3,C00034AE2
363,,,,498.0,270.0,停车场,150900,R000183B3,C00034AE2,,,,,,,243.0,15.0,R000183B3,C00034AE2
364,data/cut_3/R000183B3_C00034AD6_6.png,334.0,295.0,,,,,R000183B3,C00034AD6,静园路,None,79.0,40.0,R000183B3,C00034AD6,,,,
365,data/cut_3/R000183B3_C00034AD6_13.png,268.5,433.5,,,,,R000183B3,C00034AD6,54号楼,None,13.5,178.5,R000183B3,C00034AD6,,,,
366,data/cut_3/R000183B3_C00034AD6_16.png,285.0,364.5,,,,,R000183B3,C00034AD6,53号楼,None,30.0,109.5,R000183B3,C00034AD6,,,,
367,data/cut_3/R000183B2_C00034AD8_2.png,291.0,370.5,,,,,R000183B2,C00034AD8,北京现代物理研究中心,None,36.0,115.5,R000183B2,C00034AD8,,,,
368,data/cut_3/R000183B2_C00034AD8_4.png,398.0,510.5,,,,,R000183B2,C00034AD8,体教部(理教)健身中心,None,143.0,255.5,R000183B2,C00034AD8,,,,
369,data/cut_3/R000183B2_C00034AD8_7.png,301.5,423.0,,,,,R000183B2,C00034AD8,定量生物学中心,None,46.5,168.0,R000183B2,C00034AD8,,,,
370,data/cut_3/R000183B2_C00034AD8_10.png,382.5,364.0,383.0,353.0,学校内部设施,141207,R000183B2,C00034AD8,理科教学楼,None,127.5,109.0,R000183B2,C00034AD8,128.0,98.0,R000183B2,C00034AD8
